Workbook

Sheet Dashboard
A1: SALES DASHBOARD
A4: FILTERS | B4: Month: | C4: All
B5: Category: | C5: All
B6: Customer: | C6: All
A10: TOTAL SALES | C10: TOTAL ORDERS | E10: CUSTOMERS | G10: PRODUCTS
A11: =SUMIFS(Data!$J$2:$J$31,Data!$C$2:$C$31,IF(Dashboard!$C$4="All","*",Dashboard!$C$4),Data!$G$2:$G$31,IF(Dashboard!$C$5="All","*",Dashboard!$C$5),Data!$D$2:$D$31,IF(Dashboard!$C$6="All","*",Dashboard!$C$6)) -> 6550 | C11: =COUNTIFS(Data!$C$2:$C$31,IF(Dashboard!$C$4="All","*",Dashboard!$C$4),Data!$G$2:$G$31,IF(Dashboard!$C$5="All","*",Dashboard!$C$5),Data!$D$2:$D$31,IF(Dashboard!$C$6="All","*",Dashboard!$C$6)) -> 30 | E11: =10 -> 10 | G11: =10 -> 10

Sheet My Insights Tables
A6: Customer Name | B6: Total Purchases | G6: Product Name | H6: Total Sold
A7: Bryan Flores | B7: 910 | G7: Bread | H7: 14
A8: Nicole Perez | B8: 850 | G8: Soft Drinks | H8: 13
A9: Pedro Reyes | B9: 680 | G9: Soap | H9: 11
A10: Carla Mendoza | B10: 680 | G10: Sugar | H10: 11
A11: Angelica Cruz | B11: 615 | G11: Milk | H11: 10
A12: Maria Santos | B12: 590
A13: Michael Ramos | B13: 590
A14: Juan Cruz | B14: 585
A15: Ana Lopez | B15: 550
A16: Jose Garcia | B16: 500 | G16: Month | H16: Revenue
G17: January | H17: 1900
G18: February | H18: 2380
G19: March | H19: 2270
A21: Product Name | B21: Quantity Sold | C21: Revenue
A22: Milk | B22: 10 | C22: 850
A23: Sugar | B23: 11 | C23: 825
A24: Shampoo | B24: 5 | C24: 725 | G24: 6550
A25: Soft Drinks | B25: 13 | C25: 715
A26: Cooking Oil | B26: 4 | C26: 680
A27: Bread | B27: 14 | C27: 630
A28: Coffee | B28: 5 | C28: 600
A29: Eggs | B29: 5 | C29: 600
A30: Rice | B30: 9 | C30: 540
A31: Soap | B31: 11 | C31: 385
A36: Category | B36: Revenue
A37: Bakery | B37: 630
A38: Beverages | B38: 600
A39: Drinks | B39: 1565
A40: Food | B40: 2645
A41: Household | B41: 1110

Sheet ALL CLEAN TABLES
A4: CustomerID | B4: CustomerName | C4: City
A5: 1 | B5: Juan Cruz | C5: Laguna
A6: 2 | B6: Maria Santos | C6: Manila
A7: 3 | B7: Pedro Reyes | C7: Cavite
A8: 4 | B8: Ana Lopez | C8: Batangas
A9: 5 | B9: Jose Garcia | C9: Laguna
A10: 6 | B10: Carla Mendoza | C10: Quezon
A11: 7 | B11: Michael Ramos | C11: Laguna
A12: 8 | B12: Angelica Cruz | C12: Manila
A13: 9 | B13: Bryan Flores | C13: Cavite
A14: 10 | B14: Nicole Perez | C14: Laguna
A19: ProductID | B19: ProductName | C19: Category | D19: Price
A20: 1 | B20: Rice | C20: Food | D20: 60
A21: 2 | B21: Milk | C21: Drinks | D21: 85
A22: 3 | B22: Bread | C22: Bakery | D22: 45
A23: 4 | B23: Coffee | C23: Beverages | D23: 120
A24: 5 | B24: Soap | C24: Household | D24: 35
A25: 6 | B25: Shampoo | C25: Household | D25: 145
A26: 7 | B26: Eggs | C26: Food | D26: 120
A27: 8 | B27: Soft Drinks | C27: Drinks | D27: 55
A28: 9 | B28: Sugar | C28: Food | D28: 75
A29: 10 | B29: Cooking Oil | C29: Food | D29: 170
A35: SaleID | B35: SaleDate | C35: CustomerID | D35: ProductID | E35: Quantity
A36: 1 | B36: Friday, 2 January 2026 | C36: 1 | D36: 1 | E36: 2
A37: 2 | B37: Saturday, 3 January 2026 | C37: 2 | D37: 2 | E37: 3
A38: 3 | B38: Monday, 5 January 2026 | C38: 3 | D38: 4 | E38: 1
A39: 4 | B39: Wednesday, 7 January 2026 | C39: 1 | D39: 3 | E39: 5
A40: 5 | B40: Thursday, 8 January 2026 | C40: 4 | D40: 5 | E40: 2
A41: 6 | B41: Saturday, 10 January 2026 | C41: 5 | D41: 6 | E41: 1
A42: 7 | B42: Monday, 12 January 2026 | C42: 6 | D42: 7 | E42: 2
A43: 8 | B43: Tuesday, 13 January 2026 | C43: 7 | D43: 8 | E43: 6
A44: 9 | B44: Thursday, 15 January 2026 | C44: 8 | D44: 9 | E44: 3
A45: 10 | B45: Friday, 16 January 2026 | C45: 9 | D45: 10 | E45: 1
A46: 11 | B46: Sunday, 1 February 2026 | C46: 10 | D46: 1 | E46: 4
A47: 12 | B47: Monday, 2 February 2026 | C47: 2 | D47: 2 | E47: 2
... A65: 30 | B65: Wednesday, 18 March 2026 | C65: 10 | D65: 3 | E65: 6

Sheet PIVOT TABLES
A3: Customer Name | B3: Sum of Total Purchases
A4: Ana Lopez | B4: 550
A5: Angelica Cruz | B5: 615
A6: Bryan Flores | B6: 910
A7: Carla Mendoza | B7: 680
A8: Jose Garcia | B8: 500
A9: Juan Cruz | B9: 585
A10: Maria Santos | B10: 590
A11: Michael Ramos | B11: 590
A12: Nicole Perez | B12: 850
A13: Pedro Reyes | B13: 680
A14: Grand Total | B14: 6550
A19: Product Name | B19: Sum of Quantity Sold | C19: Sum of Revenue
A20: Bread | B20: 14 | C20: 630
A21: Coffee | B21: 5 | C21: 600
A22: Cooking Oil | B22: 4 | C22: 680
A23: Eggs | B23: 5 | C23: 600
A24: Milk | B24: 10 | C24: 850
A25: Rice | B25: 9 | C25: 540
A26: Shampoo | B26: 5 | C26: 725
A27: Soap | B27: 11 | C27: 385
A28: Soft Drinks | B28: 13 | C28: 715
A29: Sugar | B29: 11 | C29: 825
A32: Category | B32: Sum of Revenue
A33: Bakery | B33: 630
A34: Beverages | B34: 600
A35: Drinks | B35: 1565
A36: Food | B36: 2645
A37: Household | B37: 1110
A38: Grand Total | B38: 6550

Sheet Data
A1: SaleID | B1: SaleDate | C1: Month | D1: CustomerName | E1: City | F1: ProductName | G1: Category | H1: Quantity | I1: Price | J1: Revenue
A2: 1 | B2: 46024 | C2: January | D2: Juan Cruz | E2: Laguna | F2: Rice | G2: Food | H2: 2 | I2: 60 | J2: =H2*I2 -> 120
A3: 2 | B3: 46025 | C3: January | D3: Maria Santos | E3: Manila | F3: Milk | G3: Drinks | H3: 3 | I3: 85 | J3: =H3*I3 -> 255
A4: 3 | B4: 46027 | C4: January | D4: Pedro Reyes | E4: Cavite | F4: Coffee | G4: Beverages | H4: 1 | I4: 120 | J4: =H4*I4 -> 120
A5: 4 | B5: 46029 | C5: January | D5: Juan Cruz | E5: Laguna | F5: Bread | G5: Bakery | H5: 5 | I5: 45 | J5: =H5*I5 -> 225
A6: 5 | B6: 46030 | C6: January | D6: Ana Lopez | E6: Batangas | F6: Soap | G6: Household | H6: 2 | I6: 35 | J6: =H6*I6 -> 70
A7: 6 | B7: 46032 | C7: January | D7: Jose Garcia | E7: Laguna | F7: Shampoo | G7: Household | H7: 1 | I7: 145 | J7: =H7*I7 -> 145
A8: 7 | B8: 46034 | C8: January | D8: Carla Mendoza | E8: Quezon | F8: Eggs | G8: Food | H8: 2 | I8: 120 | J8: =H8*I8 -> 240
A9: 8 | B9: 46035 | C9: January | D9: Michael Ramos | E9: Laguna | F9: Soft Drinks | G9: Drinks | H9: 6 | I9: 55 | J9: =H9*I9 -> 330
A10: 9 | B10: 46037 | C10: January | D10: Angelica Cruz | E10: Manila | F10: Sugar | G10: Food | H10: 3 | I10: 75 | J10: =H10*I10 -> 225
A11: 10 | B11: 46038 | C11: January | D11: Bryan Flores | E11: Cavite | F11: Cooking Oil | G11: Food | H11: 1 | I11: 170 | J11: =H11*I11 -> 170
A12: 11 | B12: 46054 | C12: February | D12: Nicole Perez | E12: Laguna | F12: Rice | G12: Food | H12: 4 | I12: 60 | J12: =H12*I12 -> 240
A13: 12 | B13: 46055 | C13: February | D13: Maria Santos | E13: Manila | F13: Milk | G13: Drinks | H13: 2 | I13: 85 | J13: =H13*I13 -> 170
... A31: 30 | B31: 46099 | C31: March | D31: Nicole Perez | E31: Laguna | F31: Bread | G31: Bakery | H31: 6 | I31: 45 | J31: =H31*I31 -> 270

Sheet Calc
A1: Product | B1: Revenue | D1: Category | E1: Revenue | G1: Month | H1: Revenue | J1: Customer | K1: Revenue
A2: Milk | B2: =SUMIFS(Data!$J$2:$J$31,Data!$F$2:$F$31,$A2,Data!$C$2:$C$31,IF(Dashboard!$C$4="All","*",Dashboard!$C$4),Data!$G$2:$G$31,IF(Dashboard!$C$5="All","*",Dashboard!$C$5),Data!$D$2:$D$31,IF(Dashboard!$C$6="All","*",Dashboard!$C$6)) -> 850 | D2: Food | E2: =SUMIFS(Data!$J$2:$J$31,Data!$G$2:$G$31,$D2,Data!$C$2:$C$31,IF(Dashboard!$C$4="All","*",Dashboard!$C$4),Data!$D$2:$D$31,IF(Dashboard!$C$6="All","*",Dashboard!$C$6)) -> 2645 | G2: January | H2: =SUMIFS(Data!$J$2:$J$31,Data!$C$2:$C$31,$G2,Data!$G$2:$G$31,IF(Dashboard!$C$5="All","*",Dashboard!$C$5),Data!$D$2:$D$31,IF(Dashboard!$C$6="All","*",Dashboard!$C$6)) -> 1900 | J2: Bryan Flores | K2: =SUMIFS(Data!$J$2:$J$31,Data!$D$2:$D$31,$J2,Data!$C$2:$C$31,IF(Dashboard!$C$4="All","*",Dashboard!$C$4),Data!$G$2:$G$31,IF(Dashboard!$C$5="All","*",Dashboard!$C$5)) -> 910
A3: Sugar | B3: =SUMIFS(Data!$J$2:$J$31,Data!$F$2:$F$31,$A3,Data!$C$2:$C$31,IF(Dashboard!$C$4="All","*",Dashboard!$C$4),Data!$G$2:$G$31,IF(Dashboard!$C$5="All","*",Dashboard!$C$5),Data!$D$2:$D$31,IF(Dashboard!$C$6="All","*",Dashboard!$C$6)) -> 825 | D3: Drinks | E3: =SUMIFS(Data!$J$2:$J$31,Data!$G$2:$G$31,$D3,Data!$C$2:$C$31,IF(Dashboard!$C$4="All","*",Dashboard!$C$4),Data!$D$2:$D$31,IF(Dashboard!$C$6="All","*",Dashboard!$C$6)) -> 1565 | G3: February | H3: =SUMIFS(Data!$J$2:$J$31,Data!$C$2:$C$31,$G3,Data!$G$2:$G$31,IF(Dashboard!$C$5="All","*",Dashboard!$C$5),Data!$D$2:$D$31,IF(Dashboard!$C$6="All","*",Dashboard!$C$6)) -> 2380 | J3: Nicole Perez | K3: =SUMIFS(Data!$J$2:$J$31,Data!$D$2:$D$31,$J3,Data!$C$2:$C$31,IF(Dashboard!$C$4="All","*",Dashboard!$C$4),Data!$G$2:$G$31,IF(Dashboard!$C$5="All","*",Dashboard!$C$5)) -> 850
A4: Shampoo | B4: =SUMIFS(Data!$J$2:$J$31,Data!$F$2:$F$31,$A4,Data!$C$2:$C$31,IF(Dashboard!$C$4="All","*",Dashboard!$C$4),Data!$G$2:$G$31,IF(Dashboard!$C$5="All","*",Dashboard!$C$5),Data!$D$2:$D$31,IF(Dashboard!$C$6="All","*",Dashboard!$C$6)) -> 725 | D4: Household | E4: =SUMIFS(Data!$J$2:$J$31,Data!$G$2:$G$31,$D4,Data!$C$2:$C$31,IF(Dashboard!$C$4="All","*",Dashboard!$C$4),Data!$D$2:$D$31,IF(Dashboard!$C$6="All","*",Dashboard!$C$6)) -> 1110 | G4: March | H4: =SUMIFS(Data!$J$2:$J$31,Data!$C$2:$C$31,$G4,Data!$G$2:$G$31,IF(Dashboard!$C$5="All","*",Dashboard!$C$5),Data!$D$2:$D$31,IF(Dashboard!$C$6="All","*",Dashboard!$C$6)) -> 2270 | J4: Pedro Reyes | K4: =SUMIFS(Data!$J$2:$J$31,Data!$D$2:$D$31,$J4,Data!$C$2:$C$31,IF(Dashboard!$C$4="All","*",Dashboard!$C$4),Data!$G$2:$G$31,IF(Dashboard!$C$5="All","*",Dashboard!$C$5)) -> 680
A5: Soft Drinks | B5: =SUMIFS(Data!$J$2:$J$31,Data!$F$2:$F$31,$A5,Data!$C$2:$C$31,IF(Dashboard!$C$4="All","*",Dashboard!$C$4),Data!$G$2:$G$31,IF(Dashboard!$C$5="All","*",Dashboard!$C$5),Data!$D$2:$D$31,IF(Dashboard!$C$6="All","*",Dashboard!$C$6)) -> 715 | D5: Bakery | E5: =SUMIFS(Data!$J$2:$J$31,Data!$G$2:$G$31,$D5,Data!$C$2:$C$31,IF(Dashboard!$C$4="All","*",Dashboard!$C$4),Data!$D$2:$D$31,IF(Dashboard!$C$6="All","*",Dashboard!$C$6)) -> 630 | J5: Carla Mendoza | K5: =SUMIFS(Data!$J$2:$J$31,Data!$D$2:$D$31,$J5,Data!$C$2:$C$31,IF(Dashboard!$C$4="All","*",Dashboard!$C$4),Data!$G$2:$G$31,IF(Dashboard!$C$5="All","*",Dashboard!$C$5)) -> 680
A6: Cooking Oil | B6: =SUMIFS(Data!$J$2:$J$31,Data!$F$2:$F$31,$A6,Data!$C$2:$C$31,IF(Dashboard!$C$4="All","*",Dashboard!$C$4),Data!$G$2:$G$31,IF(Dashboard!$C$5="All","*",Dashboard!$C$5),Data!$D$2:$D$31,IF(Dashboard!$C$6="All","*",Dashboard!$C$6)) -> 680 | D6: Beverages | E6: =SUMIFS(Data!$J$2:$J$31,Data!$G$2:$G$31,$D6,Data!$C$2:$C$31,IF(Dashboard!$C$4="All","*",Dashboard!$C$4),Data!$D$2:$D$31,IF(Dashboard!$C$6="All","*",Dashboard!$C$6)) -> 600 | J6: Angelica Cruz | K6: =SUMIFS(Data!$J$2:$J$31,Data!$D$2:$D$31,$J6,Data!$C$2:$C$31,IF(Dashboard!$C$4="All","*",Dashboard!$C$4),Data!$G$2:$G$31,IF(Dashboard!$C$5="All","*",Dashboard!$C$5)) -> 615
A7: Bread | B7: =SUMIFS(Data!$J$2:$J$31,Data!$F$2:$F$31,$A7,Data!$C$2:$C$31,IF(Dashboard!$C$4="All","*",Dashboard!$C$4),Data!$G$2:$G$31,IF(Dashboard!$C$5="All","*",Dashboard!$C$5),Data!$D$2:$D$31,IF(Dashboard!$C$6="All","*",Dashboard!$C$6)) -> 630 | J7: Maria Santos | K7: =SUMIFS(Data!$J$2:$J$31,Data!$D$2:$D$31,$J7,Data!$C$2:$C$31,IF(Dashboard!$C$4="All","*",Dashboard!$C$4),Data!$G$2:$G$31,IF(Dashboard!$C$5="All","*",Dashboard!$C$5)) -> 590
A8: Coffee | B8: =SUMIFS(Data!$J$2:$J$31,Data!$F$2:$F$31,$A8,Data!$C$2:$C$31,IF(Dashboard!$C$4="All","*",Dashboard!$C$4),Data!$G$2:$G$31,IF(Dashboard!$C$5="All","*",Dashboard!$C$5),Data!$D$2:$D$31,IF(Dashboard!$C$6="All","*",Dashboard!$C$6)) -> 600 | J8: Michael Ramos | K8: =SUMIFS(Data!$J$2:$J$31,Data!$D$2:$D$31,$J8,Data!$C$2:$C$31,IF(Dashboard!$C$4="All","*",Dashboard!$C$4),Data!$G$2:$G$31,IF(Dashboard!$C$5="All","*",Dashboard!$C$5)) -> 590
A9: Eggs | B9: =SUMIFS(Data!$J$2:$J$31,Data!$F$2:$F$31,$A9,Data!$C$2:$C$31,IF(Dashboard!$C$4="All","*",Dashboard!$C$4),Data!$G$2:$G$31,IF(Dashboard!$C$5="All","*",Dashboard!$C$5),Data!$D$2:$D$31,IF(Dashboard!$C$6="All","*",Dashboard!$C$6)) -> 600 | J9: Juan Cruz | K9: =SUMIFS(Data!$J$2:$J$31,Data!$D$2:$D$31,$J9,Data!$C$2:$C$31,IF(Dashboard!$C$4="All","*",Dashboard!$C$4),Data!$G$2:$G$31,IF(Dashboard!$C$5="All","*",Dashboard!$C$5)) -> 585
A10: Rice | B10: =SUMIFS(Data!$J$2:$J$31,Data!$F$2:$F$31,$A10,Data!$C$2:$C$31,IF(Dashboard!$C$4="All","*",Dashboard!$C$4),Data!$G$2:$G$31,IF(Dashboard!$C$5="All","*",Dashboard!$C$5),Data!$D$2:$D$31,IF(Dashboard!$C$6="All","*",Dashboard!$C$6)) -> 540 | J10: Ana Lopez | K10: =SUMIFS(Data!$J$2:$J$31,Data!$D$2:$D$31,$J10,Data!$C$2:$C$31,IF(Dashboard!$C$4="All","*",Dashboard!$C$4),Data!$G$2:$G$31,IF(Dashboard!$C$5="All","*",Dashboard!$C$5)) -> 550
A11: Soap | B11: =SUMIFS(Data!$J$2:$J$31,Data!$F$2:$F$31,$A11,Data!$C$2:$C$31,IF(Dashboard!$C$4="All","*",Dashboard!$C$4),Data!$G$2:$G$31,IF(Dashboard!$C$5="All","*",Dashboard!$C$5),Data!$D$2:$D$31,IF(Dashboard!$C$6="All","*",Dashboard!$C$6)) -> 385 | J11: Jose Garcia | K11: =SUMIFS(Data!$J$2:$J$31,Data!$D$2:$D$31,$J11,Data!$C$2:$C$31,IF(Dashboard!$C$4="All","*",Dashboard!$C$4),Data!$G$2:$G$31,IF(Dashboard!$C$5="All","*",Dashboard!$C$5)) -> 500
